[{"@type":"mappingTemplate","id":"@1","name":"Mapping_RESTV2","description":"","bundleVersion":"0","templateId":"@3","hasParameters":false,"valid":true,"fixedConnection":true,"hasParametersDeployed":false,"fixedConnectionDeployed":false,"isSchemaValidationEnabled":false,"tasks":0,"mappingPreviewFileRecordId":"@2","documentType":"MAPPING","references":[{"@type":"reference","refObjectId":"@34eRNjVvV11hE5uESFU4Sq","refType":"connection"},{"@type":"reference","refObjectId":"@9Bt1sCKkr2ycvNsMN9iOCi","refType":"connection"}]}]